code,system
44U7.00,readv2
R10D.00,readv2
44TJ.00,readv2
44T6.00,readv2
44T3.00,readv2
44T9.00,readv2
44T3.11,readv2
44T8.00,readv2
44T5.00,readv2
44T7.00,readv2
44T4.00,readv2
44f6.00,readv2
44f3.00,readv2
44f7.00,readv2
44f4.00,readv2
44f5.00,readv2
44f..00,readv2
44U..00,readv2
44U..11,readv2
44TH.00,readv2
44TF.00,readv2
44TI.00,readv2
44TE.00,readv2
44TG.00,readv2
44V..11,readv2
44V..00,readv2
7P17200,readv2
44V6.00,readv2
44VZ.00,readv2
R102.12,readv2
44V..12,readv2
L3300,readv2
44T1000,readv2
44V1.00,readv2
44U9.00,readv2
44U8.00,readv2
R102.00,readv2
L3300NM,readv2
L1300RA,readv2
44Uz.00,readv2
44T1200,readv2
L1300H,readv2
L1300RB,readv2
44TM.00,readv2
44U4.00,readv2
8A17.00,readv2
44U5.00,readv2
44U2.00,readv2
44U3.00,readv2
44UZ.00,readv2
44U1.00,readv2
44U6.00,readv2
L1300A,readv2
44T1100,readv2
44T1.00,readv2
L1300RY,readv2
L1300RC,readv2
L1300RV,readv2
L1300R,readv2
44T2.00,readv2
44TK.00,readv2
L1300F,readv2
L1300RW,readv2
L1300RX,readv2